model_name,accuracy,loss,precision,recall,f1_score
Baseline_CNN,0.9607843160629272,0.13434180617332458,0.9631742360776263,0.9607843137254902,0.9609179684389941
